id,category,name,description,starter_blocks,growth_blocks
1,Local Service,Lawn Care Service,Residential and commercial lawn maintenance,"Name & Logo,Legal Setup,Booking System,Payments Setup","CRM & Pipeline,Fleet Tracker,Review Manager,Local SEO Starter"
2,Local Service,Pressure Washing Business,Clean driveways decks and exteriors,"Name & Logo,Legal Setup,Booking System,Payments Setup","Fleet Tracker,Review Manager,Before/After Gallery,Local Ads Starter"
3,Local Service,House Cleaning Service,Residential cleaning and maid service,"Name & Logo,Legal Setup,Booking System,Payments Setup","CRM & Pipeline,Review Manager,Recurring Billing,Local SEO Starter"
4,Local Service,Junk Removal & Hauling,Remove unwanted items and debris,"Name & Logo,Legal Setup,Booking System,Payments Setup","Fleet Tracker,Review Manager,Before/After Gallery,Local Ads Starter"
5,Local Service,Handyman Service,Home repairs and maintenance,"Name & Logo,Legal Setup,Booking System,Payments Setup","CRM & Pipeline,Review Manager,Service Menu,Local SEO Starter"
6,Local Service,Moving Company,Local and long-distance moving,"Name & Logo,Legal Setup,Booking System,Payments Setup","Fleet Tracker,Review Manager,Quote Calculator,Local Ads Starter"
7,Local Service,Window Cleaning,Residential and commercial windows,"Name & Logo,Legal Setup,Booking System,Payments Setup","Review Manager,Recurring Billing,Local SEO Starter,Before/After Gallery"
8,Local Service,Pest Control Service,Eliminate insects and rodents,"Name & Logo,Legal Setup,Booking System,Payments Setup","CRM & Pipeline,Review Manager,Recurring Billing,Local Ads Starter"
9,Local Service,Pool Cleaning Service,Maintain swimming pools,"Name & Logo,Legal Setup,Booking System,Payments Setup","CRM & Pipeline,Recurring Billing,Review Manager,Local SEO Starter"
10,Local Service,Gutter Cleaning,Clean and maintain gutters,"Name & Logo,Legal Setup,Booking System,Payments Setup","Review Manager,Local SEO Starter,Before/After Gallery,Seasonal Campaigns"
11,Local Service,Snow Removal Service,Winter snow plowing and shoveling,"Name & Logo,Legal Setup,Booking System,Payments Setup","Fleet Tracker,Review Manager,Recurring Billing,Local Ads Starter"
12,Local Service,Carpet Cleaning,Deep clean carpets and upholstery,"Name & Logo,Legal Setup,Booking System,Payments Setup","Review Manager,Before/After Gallery,Local SEO Starter,CRM & Pipeline"
13,Local Service,Tree Trimming Service,Prune and remove trees,"Name & Logo,Legal Setup,Booking System,Payments Setup","Review Manager,Fleet Tracker,Local SEO Starter,Local Ads Starter"
14,Local Service,Landscaping Design,Design and install landscapes,"Name & Logo,Legal Setup,Booking System,Payments Setup","Portfolio Site,Review Manager,CRM & Pipeline,Local SEO Starter"
15,Local Service,Painting Service,Interior and exterior painting,"Name & Logo,Legal Setup,Booking System,Payments Setup","Review Manager,Before/After Gallery,Quote Calculator,Local Ads Starter"
16,Local Service,Roofing Contractor,Roof repairs and installation,"Name & Logo,Legal Setup,Booking System,Payments Setup","Review Manager,CRM & Pipeline,Local SEO Starter,Local Ads Starter"
17,Local Service,Plumbing Service,Residential plumbing repairs,"Name & Logo,Legal Setup,Booking System,Payments Setup","Review Manager,CRM & Pipeline,Emergency Hotline,Local SEO Starter"
18,Local Service,Electrical Service,Electrical repairs and installation,"Name & Logo,Legal Setup,Booking System,Payments Setup","Review Manager,CRM & Pipeline,Emergency Hotline,Local SEO Starter"
19,Local Service,HVAC Service,Heating and cooling maintenance,"Name & Logo,Legal Setup,Booking System,Payments Setup","Review Manager,CRM & Pipeline,Recurring Billing,Local Ads Starter"
20,Local Service,Appliance Repair,Fix washers dryers refrigerators,"Name & Logo,Legal Setup,Booking System,Payments Setup","Review Manager,CRM & Pipeline,Service Menu,Local SEO Starter"
21,Local Service,Locksmith Service,Emergency lockouts and rekeying,"Name & Logo,Legal Setup,Booking System,Payments Setup","Review Manager,Emergency Hotline,Local Ads Starter,CRM & Pipeline"
22,Local Service,Garage Door Repair,Install and repair garage doors,"Name & Logo,Legal Setup,Booking System,Payments Setup","Review Manager,CRM & Pipeline,Local SEO Starter,Local Ads Starter"
23,Local Service,Fence Installation,Build and repair fences,"Name & Logo,Legal Setup,Booking System,Payments Setup","Review Manager,Quote Calculator,Before/After Gallery,Local SEO Starter"
24,Local Service,Deck Building,Construct outdoor decks and patios,"Name & Logo,Legal Setup,Booking System,Payments Setup","Portfolio Site,Review Manager,Quote Calculator,Local Ads Starter"
25,Local Service,Flooring Installation,Install hardwood tile carpet,"Name & Logo,Legal Setup,Booking System,Payments Setup","Review Manager,Before/After Gallery,Quote Calculator,Local SEO Starter"
26,Pet Services,Dog Walking Service,Daily dog walks for busy owners,"Name & Logo,Legal Setup,Booking System,Payments Setup","Review Manager,Recurring Billing,Pet Profile System,Local SEO Starter"
27,Pet Services,Pet Sitting,In-home pet care while owners travel,"Name & Logo,Legal Setup,Booking System,Payments Setup","Review Manager,Pet Profile System,CRM & Pipeline,Local Ads Starter"
28,Pet Services,Pet Grooming Mobile,Mobile grooming at customer homes,"Name & Logo,Legal Setup,Booking System,Payments Setup","Fleet Tracker,Review Manager,Pet Profile System,Local SEO Starter"
29,Pet Services,Pet Grooming Salon,Full-service grooming salon,"Name & Logo,Legal Setup,Booking System,Payments Setup","Review Manager,Pet Profile System,Recurring Billing,Local Ads Starter"
30,Pet Services,Dog Training,Obedience and behavior training,"Name & Logo,Legal Setup,Booking System,Payments Setup","Review Manager,Course Platform,Video Content,Local SEO Starter"
31,Pet Services,Puppy Training Classes,Group puppy socialization classes,"Name & Logo,Legal Setup,Booking System,Payments Setup","Review Manager,Class Scheduler,Email Series,Local Ads Starter"
32,Pet Services,Pet Photography,Professional pet portraits,"Name & Logo,Legal Setup,Booking System,Payments Setup","Portfolio Site,Review Manager,Before/After Gallery,Social Media Kit"
33,Pet Services,Pet Waste Removal,Yard cleanup service for dog owners,"Name & Logo,Legal Setup,Booking System,Payments Setup","Review Manager,Recurring Billing,Local SEO Starter,Route Optimizer"
34,Pet Services,Pet Bakery,Homemade treats and pet food,"Name & Logo,Legal Setup,Store Setup,Payments Setup","Product Photography,Review Manager,Email Series,Social Media Kit"
35,Pet Services,Pet Boarding,Overnight pet hotel and boarding,"Name & Logo,Legal Setup,Booking System,Payments Setup","Review Manager,Pet Profile System,CRM & Pipeline,Local Ads Starter"
36,Online Store,Dropshipping Store,Sell products without inventory,"Name & Logo,Store Setup,Payments Setup,Product Listings","Facebook Ads Starter,Email Welcome Series,Review Manager,CRM & Pipeline"
37,Online Store,Print-on-Demand Merch,Custom apparel and accessories,"Name & Logo,Store Setup,Payments Setup,Product Listings","Facebook Ads Starter,Instagram Growth,Email Series,Design Templates"
38,Online Store,Faith-Based Apparel,Christian or inspirational clothing,"Name & Logo,Store Setup,Payments Setup,Product Listings","Email Welcome Series,Facebook Ads Starter,Instagram Growth,Review Manager"
39,Online Store,Handmade Jewelry,Custom artisan jewelry,"Name & Logo,Store Setup,Payments Setup,Product Listings","Product Photography,Instagram Growth,Email Series,Review Manager"
40,Online Store,Eco-Friendly Products,Sustainable and green products,"Name & Logo,Store Setup,Payments Setup,Product Listings","Email Welcome Series,Facebook Ads Starter,Review Manager,Brand Story"
41,Online Store,Beauty Products,Skincare and cosmetics line,"Name & Logo,Store Setup,Payments Setup,Product Listings","Product Photography,Instagram Growth,Email Series,Influencer Kit"
42,Online Store,Fitness Supplements,Vitamins and workout nutrition,"Name & Logo,Store Setup,Payments Setup,Product Listings","Email Welcome Series,Facebook Ads Starter,Affiliate Program,Review Manager"
43,Online Store,Pet Supplies Store,Dog and cat products online,"Name & Logo,Store Setup,Payments Setup,Product Listings","Email Welcome Series,Facebook Ads Starter,Review Manager,CRM & Pipeline"
44,Online Store,Baby Products,Products for new parents,"Name & Logo,Store Setup,Payments Setup,Product Listings","Email Welcome Series,Facebook Ads Starter,Review Manager,Pinterest Ads"
45,Online Store,Home Decor Shop,Wall art furniture accents,"Name & Logo,Store Setup,Payments Setup,Product Listings","Product Photography,Instagram Growth,Email Series,Facebook Ads Starter"
46,Online Store,Coffee Subscription,Monthly coffee delivery service,"Name & Logo,Store Setup,Payments Setup,Recurring Billing","Email Welcome Series,Subscription Manager,Review Manager,Instagram Growth"
47,Online Store,Meal Prep Kits,Healthy meal delivery service,"Name & Logo,Store Setup,Payments Setup,Product Listings","Email Welcome Series,Facebook Ads Starter,Review Manager,Nutrition Guide"
48,Online Store,Candle Business,Handmade scented candles,"Name & Logo,Store Setup,Payments Setup,Product Listings","Product Photography,Instagram Growth,Email Series,Etsy Optimization"
49,Online Store,Phone Accessories,Cases chargers and tech gadgets,"Name & Logo,Store Setup,Payments Setup,Product Listings","Facebook Ads Starter,Email Series,Review Manager,TikTok Ads"
50,Online Store,Gaming Accessories,Controllers headsets gear,"Name & Logo,Store Setup,Payments Setup,Product Listings","TikTok Ads,Email Series,Review Manager,Twitch Integration"
51,Creator Business,YouTube Channel,Video content creator,"Name & Logo,Website Starter,Payments Setup,Social Media Kit","Email Welcome Series,Brand Partnerships,Merch Store,Video Templates"
52,Creator Business,Podcast,Audio content and interviews,"Name & Logo,Website Starter,Payments Setup,Social Media Kit","Email Welcome Series,Sponsor Kit,Audiogram Generator,Podcast Distribution"
53,Creator Business,TikTok Creator,Short-form viral content,"Name & Logo,Website Starter,Payments Setup,Social Media Kit","Brand Partnerships,Merch Store,Email Series,TikTok Ads"
54,Creator Business,Instagram Influencer,Photo and story content,"Name & Logo,Website Starter,Payments Setup,Social Media Kit","Brand Partnerships,Media Kit,Email Series,Instagram Growth"
55,Creator Business,Twitch Streamer,Live gaming and entertainment,"Name & Logo,Website Starter,Payments Setup,Social Media Kit","Donation Setup,Subscriber Perks,Merch Store,Stream Graphics"
56,Creator Business,Newsletter Writer,Substack or email publication,"Name & Logo,Website Starter,Payments Setup,Email Platform","Email Welcome Series,Subscription Manager,Sponsor Kit,Content Calendar"
57,Creator Business,Online Course Creator,Teach skills and expertise,"Name & Logo,Website Starter,Payments Setup,Course Platform","Email Welcome Series,Affiliate Program,Video Hosting,Student Portal"
58,Creator Business,Digital Artist,Sell art prints and commissions,"Name & Logo,Store Setup,Payments Setup,Portfolio Site","Instagram Growth,Email Series,Print-on-Demand,Commission Form"
59,Creator Business,Stock Photographer,License photos to buyers,"Name & Logo,Website Starter,Payments Setup,Portfolio Site","Email Series,Licensing Agreement,Stock Site Integration,Watermark Tool"
60,Creator Business,Music Producer,Beats tracks and production,"Name & Logo,Website Starter,Payments Setup,Portfolio Site","Beat Store,Email Series,Sample Packs,Licensing System"
61,Coaching,Life Coach,Personal development coaching,"Name & Logo,Website Starter,Booking System,Payments Setup","Email Welcome Series,Course Platform,CRM & Pipeline,Testimonial Generator"
62,Coaching,Business Coach,Help entrepreneurs grow,"Name & Logo,Website Starter,Booking System,Payments Setup","Email Welcome Series,Course Platform,CRM & Pipeline,Group Coaching Setup"
63,Coaching,Health Coach,Wellness and nutrition guidance,"Name & Logo,Website Starter,Booking System,Payments Setup","Email Welcome Series,Meal Planning Tool,CRM & Pipeline,Testimonial Generator"
64,Coaching,Fitness Coach,Personal training and workouts,"Name & Logo,Website Starter,Booking System,Payments Setup","Email Welcome Series,Workout Library,CRM & Pipeline,Progress Tracker"
65,Coaching,Career Coach,Job search and career guidance,"Name & Logo,Website Starter,Booking System,Payments Setup","Email Welcome Series,Resume Templates,CRM & Pipeline,LinkedIn Optimization"
66,Coaching,Financial Coach,Budgeting and money management,"Name & Logo,Website Starter,Booking System,Payments Setup","Email Welcome Series,Budget Calculator,CRM & Pipeline,Debt Payoff Planner"
67,Coaching,Relationship Coach,Couples and dating coaching,"Name & Logo,Website Starter,Booking System,Payments Setup","Email Welcome Series,Assessment Tools,CRM & Pipeline,Testimonial Generator"
68,Coaching,Executive Coach,Leadership development for executives,"Name & Logo,Website Starter,Booking System,Payments Setup","Email Welcome Series,360 Assessment,CRM & Pipeline,Group Coaching Setup"
69,Coaching,Parenting Coach,Support for parents and families,"Name & Logo,Website Starter,Booking System,Payments Setup","Email Welcome Series,Resource Library,CRM & Pipeline,Group Sessions"
70,Coaching,Mindfulness Coach,Meditation and stress reduction,"Name & Logo,Website Starter,Booking System,Payments Setup","Email Welcome Series,Meditation Library,CRM & Pipeline,Progress Tracker"
71,Consulting,Marketing Consultant,Strategy for businesses,"Name & Logo,Website Starter,Booking System,Payments Setup","Email Welcome Series,Audit Template,CRM & Pipeline,Case Studies"
72,Consulting,SEO Consultant,Search engine optimization,"Name & Logo,Website Starter,Booking System,Payments Setup","Email Welcome Series,SEO Audit Tool,CRM & Pipeline,Reporting Dashboard"
73,Consulting,Social Media Consultant,Social strategy and growth,"Name & Logo,Website Starter,Booking System,Payments Setup","Email Welcome Series,Content Calendar,CRM & Pipeline,Analytics Reports"
74,Consulting,HR Consultant,Human resources guidance,"Name & Logo,Website Starter,Booking System,Payments Setup","Email Welcome Series,Policy Templates,CRM & Pipeline,Compliance Checklist"
75,Consulting,IT Consultant,Technology solutions for business,"Name & Logo,Website Starter,Booking System,Payments Setup","Email Welcome Series,Tech Stack Audit,CRM & Pipeline,Proposal Templates"
76,Consulting,Operations Consultant,Process improvement,"Name & Logo,Website Starter,Booking System,Payments Setup","Email Welcome Series,SOP Templates,CRM & Pipeline,Efficiency Audit"
77,Consulting,Real Estate Consultant,Property investment advice,"Name & Logo,Website Starter,Booking System,Payments Setup","Email Welcome Series,Deal Calculator,CRM & Pipeline,Market Reports"
78,Consulting,Sustainability Consultant,Green business practices,"Name & Logo,Website Starter,Booking System,Payments Setup","Email Welcome Series,Carbon Calculator,CRM & Pipeline,Certification Guide"
79,Consulting,Cybersecurity Consultant,Security audits and protection,"Name & Logo,Website Starter,Booking System,Payments Setup","Email Welcome Series,Security Audit,CRM & Pipeline,Compliance Checklist"
80,Consulting,Immigration Consultant,Visa and immigration help,"Name & Logo,Website Starter,Booking System,Payments Setup","Email Welcome Series,Document Checklist,CRM & Pipeline,Case Tracker"
81,Nonprofit,Church Website,Website for congregation,"Name & Logo,Website Starter,Donation Setup,Event Calendar","Email Welcome Series,Sermon Archive,Volunteer Portal,Prayer Request Form"
82,Nonprofit,Nonprofit Organization,Charitable organization setup,"Name & Logo,Website Starter,Donation Setup,Legal Setup","Email Welcome Series,Grant Finder,Volunteer Management,Impact Reports"
83,Nonprofit,Youth Ministry,Programs for young people,"Name & Logo,Website Starter,Donation Setup,Event Calendar","Email Welcome Series,Registration Forms,Parent Portal,Social Media Kit"
84,Nonprofit,Community Center,Local gathering place,"Name & Logo,Website Starter,Booking System,Donation Setup","Email Welcome Series,Facility Rental,Event Calendar,Membership Portal"
85,Nonprofit,Animal Rescue,Save and rehome animals,"Name & Logo,Website Starter,Donation Setup,Pet Profile System","Email Welcome Series,Adoption Application,Volunteer Portal,Foster Network"
86,Nonprofit,Food Bank,Distribute food to those in need,"Name & Logo,Website Starter,Donation Setup,Volunteer Portal","Email Welcome Series,Inventory System,Partner Network,Impact Reports"
87,Nonprofit,Homeless Shelter,Provide housing assistance,"Name & Logo,Website Starter,Donation Setup,Volunteer Portal","Email Welcome Series,Intake Forms,Case Management,Resource Directory"
88,Nonprofit,Scholarship Fund,Support students financially,"Name & Logo,Website Starter,Donation Setup,Application Forms","Email Welcome Series,Selection System,Award Tracking,Impact Reports"
89,Nonprofit,Environmental Advocacy,Protect natural resources,"Name & Logo,Website Starter,Donation Setup,Petition System","Email Welcome Series,Action Alerts,Volunteer Portal,Impact Reports"
90,Nonprofit,Arts Organization,Support local artists,"Name & Logo,Website Starter,Donation Setup,Event Calendar","Email Welcome Series,Artist Directory,Grant Applications,Gallery Portal"
91,Digital Service,Website Design Service,Build sites for clients,"Name & Logo,Website Starter,Booking System,Payments Setup","Portfolio Site,Email Welcome Series,CRM & Pipeline,Proposal Templates"
92,Digital Service,Graphic Design Service,Logos and branding for hire,"Name & Logo,Website Starter,Booking System,Payments Setup","Portfolio Site,Email Welcome Series,CRM & Pipeline,Design Packages"
93,Digital Service,Social Media Management,Manage clients social accounts,"Name & Logo,Website Starter,Booking System,Payments Setup","Content Calendar,Email Welcome Series,CRM & Pipeline,Reporting Dashboard"
94,Digital Service,Virtual Assistant,Administrative support remotely,"Name & Logo,Website Starter,Booking System,Payments Setup","Service Menu,Email Welcome Series,CRM & Pipeline,Time Tracking"
95,Digital Service,Copywriting Service,Write sales copy and content,"Name & Logo,Website Starter,Booking System,Payments Setup","Portfolio Site,Email Welcome Series,CRM & Pipeline,Sample Library"
96,Digital Service,Video Editing Service,Edit videos for creators and brands,"Name & Logo,Website Starter,Booking System,Payments Setup","Portfolio Site,Email Welcome Series,CRM & Pipeline,Turnaround Calculator"
97,Digital Service,Podcast Editing,Audio editing and production,"Name & Logo,Website Starter,Booking System,Payments Setup","Portfolio Site,Email Welcome Series,CRM & Pipeline,Sample Episodes"
98,Digital Service,Resume Writing Service,Professional resume creation,"Name & Logo,Website Starter,Booking System,Payments Setup","Email Welcome Series,CRM & Pipeline,Template Library,LinkedIn Service"
99,Digital Service,Transcription Service,Convert audio to text,"Name & Logo,Website Starter,Booking System,Payments Setup","Email Welcome Series,CRM & Pipeline,Turnaround Calculator,Bulk Pricing"
100,Digital Service,Data Entry Service,Organize and input data,"Name & Logo,Website Starter,Booking System,Payments Setup","Email Welcome Series,CRM & Pipeline,Accuracy Guarantee,Bulk Pricing"
101,Tech & Digital,App Development Service,Build iOS and Android apps,"Name & Logo,Website Starter,Booking System,Payments Setup","Portfolio Site,Email Welcome Series,CRM & Pipeline,Tech Stack"
102,Tech & Digital,SEO Service for Local Business,Help local businesses rank,"Name & Logo,Website Starter,Booking System,Payments Setup","SEO Audit Tool,Email Welcome Series,CRM & Pipeline,Reporting Dashboard"
103,Tech & Digital,Website Accessibility Audit,WCAG compliance testing,"Name & Logo,Website Starter,Booking System,Payments Setup","Email Welcome Series,Audit Template,CRM & Pipeline,Compliance Reports"
104,Tech & Digital,WordPress Maintenance,Keep WordPress sites updated,"Name & Logo,Website Starter,Booking System,Payments Setup","Email Welcome Series,Recurring Billing,CRM & Pipeline,Security Monitoring"
105,Tech & Digital,Tech Support for Seniors,Patient tech help for elderly,"Name & Logo,Website Starter,Booking System,Payments Setup","Email Welcome Series,CRM & Pipeline,Service Menu,Video Tutorials"
106,Tech & Digital,Shopify Setup Service,Build Shopify stores for clients,"Name & Logo,Website Starter,Booking System,Payments Setup","Portfolio Site,Email Welcome Series,CRM & Pipeline,Store Templates"
107,Tech & Digital,LinkedIn Profile Optimization,Improve LinkedIn presence,"Name & Logo,Website Starter,Booking System,Payments Setup","Email Welcome Series,Before/After Gallery,CRM & Pipeline,Headline Generator"
108,Tech & Digital,AI Automation Consultant,No-code AI workflows,"Name & Logo,Website Starter,Booking System,Payments Setup","Email Welcome Series,Use Case Library,CRM & Pipeline,ROI Calculator"
109,Tech & Digital,Zapier Automation Expert,Connect apps without code,"Name & Logo,Website Starter,Booking System,Payments Setup","Email Welcome Series,Workflow Library,CRM & Pipeline,Template Gallery"
110,Tech & Digital,Notion Template Creator,Build custom Notion systems,"Name & Logo,Store Setup,Payments Setup,Product Listings","Product Photography,Email Series,Affiliate Program,Template Showcase"
111,Healthcare,Mobile IV Therapy,In-home hydration therapy,"Name & Logo,Legal Setup,Booking System,Payments Setup","CRM & Pipeline,Review Manager,Medical Compliance,Local Ads Starter"
112,Healthcare,Health Coach Certification,Certify health coaches,"Name & Logo,Website Starter,Course Platform,Payments Setup","Email Welcome Series,Student Portal,Certificate Generator,Affiliate Program"
113,Healthcare,Meal Planning for Diabetics,Custom diabetic meal plans,"Name & Logo,Website Starter,Booking System,Payments Setup","Email Welcome Series,Recipe Library,CRM & Pipeline,Nutrition Calculator"
114,Healthcare,Mental Health First Aid,Teach mental health response,"Name & Logo,Website Starter,Booking System,Payments Setup","Email Welcome Series,Course Platform,Certificate Generator,Group Sessions"
115,Healthcare,Mobile Yoga Instructor,Yoga classes at client locations,"Name & Logo,Website Starter,Booking System,Payments Setup","Email Welcome Series,Class Scheduler,CRM & Pipeline,Video Library"
116,Healthcare,Meditation Coach,Teach meditation practices,"Name & Logo,Website Starter,Booking System,Payments Setup","Email Welcome Series,Meditation Library,CRM & Pipeline,Progress Tracker"
117,Healthcare,Sound Healing Practitioner,Therapeutic sound sessions,"Name & Logo,Website Starter,Booking System,Payments Setup","Email Welcome Series,Session Recordings,CRM & Pipeline,Review Manager"
118,Healthcare,Reiki Practitioner,Energy healing sessions,"Name & Logo,Website Starter,Booking System,Payments Setup","Email Welcome Series,CRM & Pipeline,Review Manager,Treatment Packages"
119,Healthcare,Mobile Chiropractor,In-home chiropractic care,"Name & Logo,Legal Setup,Booking System,Payments Setup","CRM & Pipeline,Review Manager,Medical Compliance,Local SEO Starter"
120,Healthcare,Lactation Consultant,Breastfeeding support,"Name & Logo,Website Starter,Booking System,Payments Setup","Email Welcome Series,Resource Library,CRM & Pipeline,Telehealth Setup"
121,Education,Daycare Center,Full-time childcare facility,"Name & Logo,Legal Setup,Booking System,Payments Setup","Enrollment System,Parent Portal,Email Series,Curriculum Planner"
122,Education,Home Daycare,In-home childcare service,"Name & Logo,Legal Setup,Booking System,Payments Setup","Parent Portal,Email Series,Daily Reports,Meal Planning"
123,Education,After-School Care,Supervised care after school,"Name & Logo,Legal Setup,Booking System,Payments Setup","Enrollment System,Parent Portal,Email Series,Activity Calendar"
124,Education,Homework Help Tutor,Academic tutoring service,"Name & Logo,Website Starter,Booking System,Payments Setup","Email Welcome Series,Subject Library,CRM & Pipeline,Progress Reports"
125,Education,SAT ACT Test Prep,College entrance exam prep,"Name & Logo,Website Starter,Booking System,Payments Setup","Email Welcome Series,Practice Tests,CRM & Pipeline,Score Tracker"
126,Education,College Essay Coach,Help students write essays,"Name & Logo,Website Starter,Booking System,Payments Setup","Email Welcome Series,Sample Library,CRM & Pipeline,Review Process"
127,Education,Homeschool Curriculum,Guide homeschool families,"Name & Logo,Website Starter,Booking System,Payments Setup","Email Welcome Series,Resource Library,CRM & Pipeline,Curriculum Planner"
128,Education,STEM Camps,Science and tech summer camps,"Name & Logo,Website Starter,Booking System,Payments Setup","Registration Forms,Email Series,Parent Portal,Curriculum Guide"
129,Education,Coding Classes for Kids,Teach kids programming,"Name & Logo,Website Starter,Booking System,Payments Setup","Email Welcome Series,Course Platform,Student Portal,Project Gallery"
130,Education,Art Classes for Kids,Creative art instruction,"Name & Logo,Website Starter,Booking System,Payments Setup","Email Welcome Series,Class Scheduler,Parent Portal,Art Gallery"
131,Automotive,Mobile Mechanic,Car repairs at customer location,"Name & Logo,Legal Setup,Booking System,Payments Setup","Fleet Tracker,Review Manager,Service Menu,Local SEO Starter"
132,Automotive,Mobile Oil Change,Oil changes at home or office,"Name & Logo,Legal Setup,Booking System,Payments Setup","Fleet Tracker,Review Manager,Recurring Billing,Local Ads Starter"
133,Automotive,Car Detailing Mobile,Professional car cleaning service,"Name & Logo,Legal Setup,Booking System,Payments Setup","Fleet Tracker,Review Manager,Before/After Gallery,Local SEO Starter"
134,Automotive,Auto Detailing Shop,Full-service detailing facility,"Name & Logo,Legal Setup,Booking System,Payments Setup","Review Manager,Before/After Gallery,Package Builder,Local Ads Starter"
135,Automotive,Car Wrapping Service,Vehicle wrap installation,"Name & Logo,Legal Setup,Booking System,Payments Setup","Portfolio Site,Review Manager,Quote Calculator,Before/After Gallery"
136,Automotive,Window Tinting,Automotive window tinting,"Name & Logo,Legal Setup,Booking System,Payments Setup","Review Manager,Before/After Gallery,Service Menu,Local SEO Starter"
137,Automotive,Dent Repair PDR,Paintless dent removal,"Name & Logo,Legal Setup,Booking System,Payments Setup","Review Manager,Before/After Gallery,Mobile Service,Local Ads Starter"
138,Automotive,Windshield Repair,Fix chips and cracks,"Name & Logo,Legal Setup,Booking System,Payments Setup","Review Manager,Mobile Service,Insurance Claims,Local SEO Starter"
139,Automotive,Car Rental Business,Rent vehicles to customers,"Name & Logo,Legal Setup,Booking System,Payments Setup","Fleet Tracker,Insurance Manager,CRM & Pipeline,Review Manager"
140,Automotive,Exotic Car Rental,Luxury and sports car rental,"Name & Logo,Legal Setup,Booking System,Payments Setup","Fleet Tracker,Insurance Manager,CRM & Pipeline,Instagram Growth"
141,Real Estate,Real Estate Photography,Property photos for listings,"Name & Logo,Website Starter,Booking System,Payments Setup","Portfolio Site,Review Manager,Before/After Gallery,Local SEO Starter"
142,Real Estate,Virtual Staging Service,Digitally stage empty homes,"Name & Logo,Website Starter,Booking System,Payments Setup","Portfolio Site,Review Manager,Turnaround Calculator,Before/After Gallery"
143,Real Estate,Home Staging,Physical staging of properties,"Name & Logo,Website Starter,Booking System,Payments Setup","Portfolio Site,Review Manager,Inventory System,Local Ads Starter"
144,Real Estate,Property Management,Manage rental properties,"Name & Logo,Website Starter,Booking System,Payments Setup","Tenant Portal,Maintenance Tracker,CRM & Pipeline,Rent Collection"
145,Real Estate,Airbnb Co-Host Service,Manage Airbnb for owners,"Name & Logo,Website Starter,Booking System,Payments Setup","Listing Optimizer,Review Manager,CRM & Pipeline,Cleaning Scheduler"
146,Real Estate,Vacation Rental Cleaning,Clean short-term rentals,"Name & Logo,Legal Setup,Booking System,Payments Setup","Review Manager,Checklist System,Route Optimizer,Local SEO Starter"
147,Real Estate,Real Estate Virtual Assistant,Admin support for agents,"Name & Logo,Website Starter,Booking System,Payments Setup","Email Welcome Series,Service Menu,CRM & Pipeline,Time Tracking"
148,Real Estate,Transaction Coordinator,Manage real estate paperwork,"Name & Logo,Website Starter,Booking System,Payments Setup","Email Welcome Series,Checklist System,CRM & Pipeline,Document Templates"
149,Real Estate,Home Inspection Service,Inspect homes for buyers,"Name & Logo,Legal Setup,Booking System,Payments Setup","Review Manager,Report Templates,CRM & Pipeline,Local Ads Starter"
150,Real Estate,Radon Testing,Test homes for radon gas,"Name & Logo,Legal Setup,Booking System,Payments Setup","Review Manager,Report Templates,CRM & Pipeline,Local SEO Starter"
151,Sustainability,Solar Panel Consulting,Solar energy consultation,"Name & Logo,Website Starter,Booking System,Payments Setup","Email Welcome Series,ROI Calculator,CRM & Pipeline,Proposal Templates"
152,Sustainability,Composting Service,Residential composting pickup,"Name & Logo,Legal Setup,Booking System,Payments Setup","Route Optimizer,Recurring Billing,Email Series,Local SEO Starter"
153,Sustainability,Zero-Waste Store,Package-free products,"Name & Logo,Store Setup,Payments Setup,Product Listings","Email Welcome Series,Local Pickup,Review Manager,Instagram Growth"
154,Sustainability,Eco-Friendly Cleaning,Natural cleaning supplies,"Name & Logo,Store Setup,Payments Setup,Product Listings","Product Photography,Email Series,Subscription Manager,Facebook Ads Starter"
155,Sustainability,Refurbished Electronics,Sell restored devices,"Name & Logo,Store Setup,Payments Setup,Product Listings","Email Welcome Series,Warranty Manager,Review Manager,Quality Checklist"
156,Sustainability,Clothing Repair Service,Alterations and mending,"Name & Logo,Legal Setup,Booking System,Payments Setup","Review Manager,Price Calculator,Before/After Gallery,Local SEO Starter"
157,Sustainability,Bike Repair Shop,Bicycle maintenance and sales,"Name & Logo,Legal Setup,Booking System,Payments Setup","Review Manager,Service Menu,Inventory System,Local Ads Starter"
158,Sustainability,E-Waste Collection,Electronic waste recycling,"Name & Logo,Legal Setup,Booking System,Payments Setup","Route Optimizer,Email Series,Compliance Tracker,Local SEO Starter"
159,Sustainability,Native Plant Landscaping,Eco-friendly landscape design,"Name & Logo,Legal Setup,Booking System,Payments Setup","Portfolio Site,Review Manager,Plant Database,Local Ads Starter"
160,Sustainability,Urban Farm Consultant,Help people grow food in cities,"Name & Logo,Website Starter,Booking System,Payments Setup","Email Welcome Series,Resource Library,CRM & Pipeline,Workshop Calendar"
161,Events,Wedding DJ,Music for weddings,"Name & Logo,Website Starter,Booking System,Payments Setup","Email Welcome Series,Song Library,Review Manager,Package Builder"
162,Events,Wedding Officiant,Perform wedding ceremonies,"Name & Logo,Website Starter,Booking System,Payments Setup","Email Welcome Series,Ceremony Scripts,Review Manager,CRM & Pipeline"
163,Events,Wedding Planner,Full wedding coordination,"Name & Logo,Website Starter,Booking System,Payments Setup","Email Welcome Series,Vendor Directory,CRM & Pipeline,Timeline Builder"
164,Events,Corporate Event Planner,Business events and conferences,"Name & Logo,Website Starter,Booking System,Payments Setup","Email Welcome Series,Vendor Directory,CRM & Pipeline,Proposal Templates"
165,Events,Magician for Hire,Magic shows and entertainment,"Name & Logo,Website Starter,Booking System,Payments Setup","Email Welcome Series,Video Portfolio,Review Manager,Package Builder"
166,Events,Face Painting,Childrens party entertainment,"Name & Logo,Website Starter,Booking System,Payments Setup","Email Welcome Series,Design Gallery,Review Manager,Local Ads Starter"
167,Events,Photo Booth Rental,Event photo booth service,"Name & Logo,Website Starter,Booking System,Payments Setup","Email Welcome Series,Package Builder,Review Manager,Gallery System"
168,Events,Karaoke Rental,Karaoke equipment rental,"Name & Logo,Website Starter,Booking System,Payments Setup","Email Welcome Series,Equipment List,Review Manager,Delivery Tracker"
169,Events,Escape Room Business,Puzzle room entertainment,"Name & Logo,Website Starter,Booking System,Payments Setup","Email Welcome Series,Group Packages,Review Manager,Gift Cards"
170,Events,Christmas Light Install,Holiday lighting service,"Name & Logo,Legal Setup,Booking System,Payments Setup","Review Manager,Design Gallery,Quote Calculator,Local Ads Starter"
171,Fashion,Personal Stylist,Fashion consultation service,"Name & Logo,Website Starter,Booking System,Payments Setup","Email Welcome Series,Portfolio Site,Review Manager,Style Quiz"
172,Fashion,Closet Organization,Organize and declutter closets,"Name & Logo,Website Starter,Booking System,Payments Setup","Email Welcome Series,Before/After Gallery,Review Manager,Package Builder"
173,Fashion,Custom Clothing Design,Made-to-order garments,"Name & Logo,Website Starter,Booking System,Payments Setup","Portfolio Site,Measurement Guide,Review Manager,Custom Order Form"
174,Fashion,T-Shirt Printing,Custom apparel printing,"Name & Logo,Store Setup,Payments Setup,Product Listings","Email Welcome Series,Design Upload,Bulk Pricing,Review Manager"
175,Fashion,Lash Extensions,Eyelash extension services,"Name & Logo,Website Starter,Booking System,Payments Setup","Email Welcome Series,Before/After Gallery,Review Manager,Recurring Billing"
176,Fashion,Spray Tan Service,Mobile spray tanning,"Name & Logo,Website Starter,Booking System,Payments Setup","Email Welcome Series,Before/After Gallery,Review Manager,Local Ads Starter"
177,Fashion,Mobile Nail Tech,Nails at client locations,"Name & Logo,Website Starter,Booking System,Payments Setup","Email Welcome Series,Service Menu,Review Manager,Local SEO Starter"
178,Fashion,Hair Extensions,Hair extension installation,"Name & Logo,Website Starter,Booking System,Payments Setup","Email Welcome Series,Before/After Gallery,Review Manager,Color Matcher"
179,Fashion,Microblading,Eyebrow microblading service,"Name & Logo,Legal Setup,Booking System,Payments Setup","Email Welcome Series,Before/After Gallery,Review Manager,Medical Compliance"
180,Fashion,Henna Artist,Temporary henna tattoos,"Name & Logo,Website Starter,Booking System,Payments Setup","Email Welcome Series,Design Gallery,Review Manager,Event Packages"
181,Food,Coffee Shop,Caf√© and coffee house,"Name & Logo,Legal Setup,Store Setup,Payments Setup","Email Welcome Series,Loyalty Program,Review Manager,Menu Builder"
182,Food,Bakery,Custom cakes and pastries,"Name & Logo,Legal Setup,Store Setup,Payments Setup","Email Welcome Series,Custom Order Form,Review Manager,Menu Builder"
183,Food,Food Truck,Mobile food service,"Name & Logo,Legal Setup,Store Setup,Payments Setup","Event Calendar,Review Manager,Menu Builder,Location Tracker"
184,Food,Catering Service,Event catering business,"Name & Logo,Legal Setup,Booking System,Payments Setup","Email Welcome Series,Menu Builder,CRM & Pipeline,Event Planner"
185,Food,Personal Chef,In-home cooking service,"Name & Logo,Legal Setup,Booking System,Payments Setup","Email Welcome Series,Menu Planning,CRM & Pipeline,Recipe Library"
186,Food,Meal Prep Business,Healthy meals delivered,"Name & Logo,Legal Setup,Store Setup,Payments Setup","Email Welcome Series,Subscription Manager,Menu Builder,Nutrition Calculator"
187,Food,Specialty Sauce Brand,Bottled sauces and condiments,"Name & Logo,Legal Setup,Store Setup,Payments Setup","Product Photography,Email Series,Wholesale Portal,Recipe Ideas"
188,Food,Ice Cream Shop,Ice cream parlor,"Name & Logo,Legal Setup,Store Setup,Payments Setup","Email Welcome Series,Loyalty Program,Review Manager,Seasonal Menu"
189,Food,Juice Bar,Fresh juice and smoothies,"Name & Logo,Legal Setup,Store Setup,Payments Setup","Email Welcome Series,Loyalty Program,Review Manager,Menu Builder"
190,Food,Brewery,Craft beer production,"Name & Logo,Legal Setup,Store Setup,Payments Setup","Email Welcome Series,Tasting Events,Review Manager,Distribution Portal"
191,Professional,Bookkeeping Service,Small business accounting,"Name & Logo,Website Starter,Booking System,Payments Setup","Email Welcome Series,Client Portal,CRM & Pipeline,Document Upload"
192,Professional,Tax Preparation,Individual tax filing,"Name & Logo,Website Starter,Booking System,Payments Setup","Email Welcome Series,Document Checklist,CRM & Pipeline,Secure Upload"
193,Professional,Notary Public,Mobile notary service,"Name & Logo,Website Starter,Booking System,Payments Setup","Email Welcome Series,Service Area Map,Review Manager,Appointment Reminder"
194,Professional,Translation Service,Document and content translation,"Name & Logo,Website Starter,Booking System,Payments Setup","Email Welcome Series,Language Options,CRM & Pipeline,Turnaround Calculator"
195,Professional,Legal Document Prep,Prepare legal forms,"Name & Logo,Website Starter,Booking System,Payments Setup","Email Welcome Series,Form Library,CRM & Pipeline,Compliance Disclaimer"
196,Professional,Business Plan Writing,Custom business plans,"Name & Logo,Website Starter,Booking System,Payments Setup","Email Welcome Series,Sample Plans,CRM & Pipeline,Financial Templates"
197,Professional,Grant Writing Service,Write grant proposals,"Name & Logo,Website Starter,Booking System,Payments Setup","Email Welcome Series,Success Rate,CRM & Pipeline,Sample Proposals"
198,Professional,Patent Research,Patent search and analysis,"Name & Logo,Website Starter,Booking System,Payments Setup","Email Welcome Series,Research Reports,CRM & Pipeline,Compliance Guide"
199,Professional,Private Investigator,Investigation services,"Name & Logo,Website Starter,Booking System,Payments Setup","Email Welcome Series,Service Menu,CRM & Pipeline,Confidentiality Agreement"
200,Professional,Process Server,Legal document delivery,"Name & Logo,Website Starter,Booking System,Payments Setup","Email Welcome Series,Service Area,CRM & Pipeline,Proof of Service"
201,Construction,General Contractor,Full construction services,"Name & Logo,Legal Setup,Booking System,Payments Setup","Email Welcome Series,CRM & Pipeline,Quote Calculator,Project Gallery"
202,Construction,Electrician,Electrical installation and repair,"Name & Logo,Legal Setup,Booking System,Payments Setup","Review Manager,CRM & Pipeline,Emergency Hotline,Local SEO Starter"
203,Construction,Plumber,Plumbing services,"Name & Logo,Legal Setup,Booking System,Payments Setup","Review Manager,CRM & Pipeline,Emergency Hotline,Local SEO Starter"
204,Construction,HVAC Technician,Heating and cooling service,"Name & Logo,Legal Setup,Booking System,Payments Setup","Review Manager,CRM & Pipeline,Recurring Billing,Local Ads Starter"
205,Construction,Roofing Contractor,Roof installation and repair,"Name & Logo,Legal Setup,Booking System,Payments Setup","Review Manager,CRM & Pipeline,Quote Calculator,Storm Response"
206,Construction,Siding Installation,Exterior siding service,"Name & Logo,Legal Setup,Booking System,Payments Setup","Review Manager,Before/After Gallery,Quote Calculator,Local Ads Starter"
207,Construction,Gutter Installation,Gutter systems and guards,"Name & Logo,Legal Setup,Booking System,Payments Setup","Review Manager,Quote Calculator,Local SEO Starter,Seasonal Campaigns"
208,Construction,Deck Building,Custom deck construction,"Name & Logo,Legal Setup,Booking System,Payments Setup","Portfolio Site,Review Manager,Quote Calculator,Material Calculator"
209,Construction,Fence Installation,Residential and commercial fencing,"Name & Logo,Legal Setup,Booking System,Payments Setup","Review Manager,Quote Calculator,Before/After Gallery,Local SEO Starter"
210,Construction,Concrete Work,Driveways patios foundations,"Name & Logo,Legal Setup,Booking System,Payments Setup","Review Manager,Quote Calculator,Before/After Gallery,Local Ads Starter"
211,Fitness,Personal Trainer,One-on-one fitness training,"Name & Logo,Website Starter,Booking System,Payments Setup","Email Welcome Series,Workout Library,CRM & Pipeline,Progress Tracker"
212,Fitness,Group Fitness Classes,Studio or outdoor classes,"Name & Logo,Website Starter,Booking System,Payments Setup","Email Welcome Series,Class Scheduler,Member Portal,Payment Plans"
213,Fitness,Online Fitness Coaching,Remote workout programs,"Name & Logo,Website Starter,Booking System,Payments Setup","Email Welcome Series,Video Library,CRM & Pipeline,App Integration"
214,Fitness,Nutrition Consulting,Meal plans and diet advice,"Name & Logo,Website Starter,Booking System,Payments Setup","Email Welcome Series,Meal Planner,CRM & Pipeline,Macro Calculator"
215,Fitness,Gym Membership Site,Fitness facility,"Name & Logo,Legal Setup,Booking System,Payments Setup","Member Portal,Class Scheduler,Recurring Billing,Access Control"
216,Fitness,Pilates Studio,Pilates instruction,"Name & Logo,Website Starter,Booking System,Payments Setup","Email Welcome Series,Class Scheduler,Member Portal,Package Builder"
217,Fitness,Boxing Gym,Boxing and kickboxing training,"Name & Logo,Legal Setup,Booking System,Payments Setup","Email Welcome Series,Class Scheduler,Member Portal,Waiver System"
218,Fitness,Crossfit Box,Crossfit training facility,"Name & Logo,Legal Setup,Booking System,Payments Setup","Email Welcome Series,WOD Tracker,Member Portal,Competition Calendar"
219,Fitness,Rock Climbing Gym,Indoor climbing facility,"Name & Logo,Legal Setup,Booking System,Payments Setup","Email Welcome Series,Waiver System,Member Portal,Course Scheduler"
220,Fitness,Martial Arts Dojo,Martial arts instruction,"Name & Logo,Legal Setup,Booking System,Payments Setup","Email Welcome Series,Belt Tracker,Member Portal,Testing Calendar"
221,Home Services,Interior Design,Home design consultation,"Name & Logo,Website Starter,Booking System,Payments Setup","Portfolio Site,Email Welcome Series,CRM & Pipeline,Mood Board Tool"
222,Home Services,Organizing Service,Professional home organization,"Name & Logo,Website Starter,Booking System,Payments Setup","Email Welcome Series,Before/After Gallery,Review Manager,Package Builder"
223,Home Services,Moving Packing Service,Full-service moving help,"Name & Logo,Legal Setup,Booking System,Payments Setup","Email Welcome Series,Quote Calculator,CRM & Pipeline,Inventory Checklist"
224,Home Services,Senior Downsizing,Help seniors move and declutter,"Name & Logo,Website Starter,Booking System,Payments Setup","Email Welcome Series,Compassion Guide,Review Manager,Resource Directory"
225,Home Services,Estate Sale Service,Organize and run estate sales,"Name & Logo,Website Starter,Booking System,Payments Setup","Email Welcome Series,Pricing Guide,CRM & Pipeline,Inventory System"
226,Home Services,Home Watch Service,Monitor vacant homes,"Name & Logo,Website Starter,Booking System,Payments Setup","Email Welcome Series,Inspection Reports,CRM & Pipeline,Photo Documentation"
227,Home Services,Christmas Decorating,Holiday decoration installation,"Name & Logo,Legal Setup,Booking System,Payments Setup","Email Welcome Series,Design Gallery,Review Manager,Storage Options"
228,Home Services,Smart Home Installation,Install smart home devices,"Name & Logo,Legal Setup,Booking System,Payments Setup","Email Welcome Series,Product Catalog,Review Manager,Tutorial Videos"
229,Home Services,Security System Install,Home alarm systems,"Name & Logo,Legal Setup,Booking System,Payments Setup","Email Welcome Series,System Comparison,Review Manager,Monitoring Plans"
230,Home Services,Generator Installation,Backup power systems,"Name & Logo,Legal Setup,Booking System,Payments Setup","Email Welcome Series,Quote Calculator,Review Manager,Maintenance Plans"
231,Photography,Newborn Photography,Baby photos and portraits,"Name & Logo,Website Starter,Booking System,Payments Setup","Portfolio Site,Email Welcome Series,Review Manager,Gallery Delivery"
232,Photography,Family Photography,Family portraits and sessions,"Name & Logo,Website Starter,Booking System,Payments Setup","Portfolio Site,Email Welcome Series,Review Manager,Package Builder"
233,Photography,Headshot Photography,Professional headshots,"Name & Logo,Website Starter,Booking System,Payments Setup","Portfolio Site,Email Welcome Series,Review Manager,Quick Turnaround"
234,Photography,Event Photography,Capture special events,"Name & Logo,Website Starter,Booking System,Payments Setup","Portfolio Site,Email Welcome Series,Review Manager,Gallery Delivery"
235,Photography,Product Photography,E-commerce product photos,"Name & Logo,Website Starter,Booking System,Payments Setup","Portfolio Site,Email Welcome Series,CRM & Pipeline,Turnaround Calculator"
236,Photography,Drone Photography,Aerial photos and videos,"Name & Logo,Legal Setup,Booking System,Payments Setup","Portfolio Site,Email Welcome Series,Review Manager,FAA Compliance"
237,Photography,Sports Photography,Capture athletic events,"Name & Logo,Website Starter,Booking System,Payments Setup","Portfolio Site,Email Welcome Series,Package Builder,Action Gallery"
238,Photography,Boudoir Photography,Intimate portrait sessions,"Name & Logo,Website Starter,Booking System,Payments Setup","Portfolio Site,Email Welcome Series,Privacy Policy,Review Manager"
239,Photography,School Photography,Student portraits and yearbooks,"Name & Logo,Website Starter,Booking System,Payments Setup","Email Welcome Series,Order System,CRM & Pipeline,Retouching Service"
240,Photography,Real Estate Drone,Aerial property photography,"Name & Logo,Legal Setup,Booking System,Payments Setup","Portfolio Site,Email Welcome Series,Review Manager,Turnaround Guarantee"
241,Training,Corporate Training,Business skills workshops,"Name & Logo,Website Starter,Booking System,Payments Setup","Email Welcome Series,Course Platform,CRM & Pipeline,Certificate Generator"
242,Training,Language School,Teach foreign languages,"Name & Logo,Website Starter,Booking System,Payments Setup","Email Welcome Series,Student Portal,CRM & Pipeline,Placement Test"
243,Training,Music Lessons,Instrument instruction,"Name & Logo,Website Starter,Booking System,Payments Setup","Email Welcome Series,Practice Tracker,CRM & Pipeline,Recital Calendar"
244,Training,Dance Studio,Dance classes and instruction,"Name & Logo,Website Starter,Booking System,Payments Setup","Email Welcome Series,Class Scheduler,Member Portal,Recital Planning"
245,Training,Drivers Ed School,Driving instruction and testing,"Name & Logo,Legal Setup,Booking System,Payments Setup","Email Welcome Series,Student Portal,CRM & Pipeline,Road Test Scheduler"
246,Training,CPR Certification,First aid and CPR training,"Name & Logo,Website Starter,Booking System,Payments Setup","Email Welcome Series,Course Platform,Certificate Generator,Group Discounts"
247,Training,Real Estate School,Real estate licensing prep,"Name & Logo,Website Starter,Course Platform,Payments Setup","Email Welcome Series,Practice Exams,Student Portal,Study Materials"
248,Training,Cosmetology School,Beauty training and certification,"Name & Logo,Legal Setup,Booking System,Payments Setup","Email Welcome Series,Student Portal,Financial Aid Info,Placement Services"
249,Training,Truck Driving School,CDL training programs,"Name & Logo,Legal Setup,Booking System,Payments Setup","Email Welcome Series,Student Portal,Job Placement,Financing Options"
250,Training,Bartending School,Bartender training certification,"Name & Logo,Website Starter,Booking System,Payments Setup","Email Welcome Series,Recipe Library,Certificate Generator,Job Board"
251,Career,Resume Writing,Professional resume services,"Name & Logo,Website Starter,Booking System,Payments Setup","Email Welcome Series,Template Library,CRM & Pipeline,Cover Letter Service"
252,Career,Career Counseling,Job search guidance,"Name & Logo,Website Starter,Booking System,Payments Setup","Email Welcome Series,Assessment Tools,CRM & Pipeline,Interview Prep"
253,Career,LinkedIn Optimization,Profile enhancement service,"Name & Logo,Website Starter,Booking System,Payments Setup","Email Welcome Series,Before/After Examples,CRM & Pipeline,Headline Generator"
254,Career,Interview Coaching,Mock interviews and prep,"Name & Logo,Website Starter,Booking System,Payments Setup","Email Welcome Series,Question Bank,CRM & Pipeline,Recording Review"
255,Finance,Credit Repair Service,Improve credit scores,"Name & Logo,Website Starter,Booking System,Payments Setup","Email Welcome Series,Dispute Letters,CRM & Pipeline,Progress Tracker"
256,Finance,Debt Consolidation,Financial debt assistance,"Name & Logo,Website Starter,Booking System,Payments Setup","Email Welcome Series,Debt Calculator,CRM & Pipeline,Creditor Network"
257,Finance,Insurance Agency,Insurance brokerage,"Name & Logo,Website Starter,Booking System,Payments Setup","Email Welcome Series,Quote System,CRM & Pipeline,Policy Comparison"
258,Travel,Travel Agency,Plan trips and vacations,"Name & Logo,Website Starter,Booking System,Payments Setup","Email Welcome Series,Destination Guide,CRM & Pipeline,Itinerary Builder"
259,Gifts,Wedding Registry,Gift registry service,"Name & Logo,Website Starter,Store Setup,Payments Setup","Email Welcome Series,Registry Manager,Gift Tracker,Thank You Cards"
260,Research,Genealogy Research,Family history research,"Name & Logo,Website Starter,Booking System,Payments Setup","Email Welcome Series,Research Reports,CRM & Pipeline,Family Tree Builder"
261,Community,Private Members Club,Exclusive membership community,"Name & Logo,Website Starter,Booking System,Payments Setup","Member Portal,Event Calendar,Recurring Billing,Discussion Forum"
262,Workspace,Coworking Space,Shared office space,"Name & Logo,Website Starter,Booking System,Payments Setup","Member Portal,Room Booking,Recurring Billing,Access Control"
263,Community,Mastermind Group,Peer mentorship community,"Name & Logo,Website Starter,Booking System,Payments Setup","Member Portal,Meeting Scheduler,Discussion Forum,Resource Library"
264,Community,Online Learning Community,Education membership site,"Name & Logo,Website Starter,Course Platform,Payments Setup","Member Portal,Discussion Forum,Progress Tracker,Certificate System"
265,Subscription,Subscription Box Service,Curated monthly boxes,"Name & Logo,Store Setup,Payments Setup,Recurring Billing","Email Welcome Series,Box Builder,Shipping Tracker,Member Portal"
266,Rental,Party Rental,Tables chairs tents for events,"Name & Logo,Website Starter,Booking System,Payments Setup","Email Welcome Series,Inventory System,CRM & Pipeline,Delivery Scheduler"
267,Rental,Tool Rental,Construction tool rental,"Name & Logo,Legal Setup,Booking System,Payments Setup","Email Welcome Series,Inventory System,Damage Waiver,Maintenance Tracker"
268,Rental,Camera Equipment Rental,Photo and video gear,"Name & Logo,Website Starter,Booking System,Payments Setup","Email Welcome Series,Equipment List,Insurance Options,Tutorial Videos"
269,Rental,RV Rental,Recreational vehicle rentals,"Name & Logo,Legal Setup,Booking System,Payments Setup","Email Welcome Series,Fleet Tracker,Insurance Manager,Travel Guide"
270,Rental,Boat Rental,Watercraft rental service,"Name & Logo,Legal Setup,Booking System,Payments Setup","Email Welcome Series,Fleet Tracker,Waiver System,Safety Training"
271,Rental,Bike Rental,Bicycle rental service,"Name & Logo,Legal Setup,Booking System,Payments Setup","Email Welcome Series,Fleet Tracker,Route Maps,Group Discounts"
272,Rental,Bounce House Rental,Inflatable party rentals,"Name & Logo,Legal Setup,Booking System,Payments Setup","Email Welcome Series,Product Catalog,Waiver System,Delivery Scheduler"
273,Rental,Storage Unit Business,Self-storage facilities,"Name & Logo,Legal Setup,Booking System,Payments Setup","Tenant Portal,Recurring Billing,Access Control,Insurance Options"
274,Rental,Equipment Rental,Heavy equipment rental,"Name & Logo,Legal Setup,Booking System,Payments Setup","Email Welcome Series,Equipment List,Insurance Manager,Operator Training"
275,Rental,Costume Rental,Costume and formal wear rental,"Name & Logo,Store Setup,Booking System,Payments Setup","Email Welcome Series,Catalog System,Size Guide,Cleaning Service"
276,Creative,Voiceover Artist,Professional voice recording,"Name & Logo,Website Starter,Booking System,Payments Setup","Portfolio Site,Email Welcome Series,Sample Library,Turnaround Options"
277,Creative,Audiobook Narrator,Narrate books professionally,"Name & Logo,Website Starter,Booking System,Payments Setup","Portfolio Site,Email Welcome Series,Sample Chapters,Genre Specialties"
278,Creative,Jingle Writer,Create commercial jingles,"Name & Logo,Website Starter,Booking System,Payments Setup","Portfolio Site,Email Welcome Series,Sample Library,Revision Policy"
279,Creative,Logo Designer,Custom logo design,"Name & Logo,Website Starter,Booking System,Payments Setup","Portfolio Site,Email Welcome Series,Package Options,Brand Guide"
280,Creative,Book Cover Designer,Design book covers,"Name & Logo,Website Starter,Booking System,Payments Setup","Portfolio Site,Email Welcome Series,Genre Examples,Print Specs"
281,Creative,Illustrator,Custom illustrations,"Name & Logo,Website Starter,Booking System,Payments Setup","Portfolio Site,Email Welcome Series,Style Guide,Licensing Options"
282,Creative,Animator,Motion graphics and animation,"Name & Logo,Website Starter,Booking System,Payments Setup","Portfolio Site,Email Welcome Series,Reel Showcase,Project Scoping"
283,Creative,UX UI Designer,User experience design,"Name & Logo,Website Starter,Booking System,Payments Setup","Portfolio Site,Email Welcome Series,Case Studies,Design System"
284,Creative,Presentation Designer,Professional slide decks,"Name & Logo,Website Starter,Booking System,Payments Setup","Portfolio Site,Email Welcome Series,Template Library,Rush Service"
285,Creative,Calligraphy Service,Hand lettering for events,"Name & Logo,Website Starter,Booking System,Payments Setup","Portfolio Site,Email Welcome Series,Style Options,Bulk Pricing"
286,Repair,Phone Repair,Smartphone screen and battery,"Name & Logo,Legal Setup,Booking System,Payments Setup","Email Welcome Series,Service Menu,Review Manager,Warranty Terms"
287,Repair,Computer Repair,Desktop and laptop repair,"Name & Logo,Legal Setup,Booking System,Payments Setup","Email Welcome Series,Service Menu,Review Manager,Data Recovery"
288,Repair,Watch Repair,Watch battery and band service,"Name & Logo,Legal Setup,Booking System,Payments Setup","Email Welcome Series,Service Menu,Review Manager,Authentication"
289,Repair,Jewelry Repair,Fix and restore jewelry,"Name & Logo,Legal Setup,Booking System,Payments Setup","Email Welcome Series,Service Menu,Review Manager,Appraisal Service"
290,Repair,Shoe Repair,Shoe repair and restoration,"Name & Logo,Legal Setup,Booking System,Payments Setup","Email Welcome Series,Service Menu,Review Manager,Before/After Gallery"
291,Repair,Furniture Repair,Restore and refinish furniture,"Name & Logo,Legal Setup,Booking System,Payments Setup","Portfolio Site,Service Menu,Review Manager,Before/After Gallery"
292,Repair,Instrument Repair,Repair guitars violins etc,"Name & Logo,Legal Setup,Booking System,Payments Setup","Email Welcome Series,Service Menu,Review Manager,Rush Service"
293,Repair,Small Engine Repair,Lawn mower equipment repair,"Name & Logo,Legal Setup,Booking System,Payments Setup","Email Welcome Series,Service Menu,Review Manager,Pickup Service"
294,Repair,Vacuum Repair,Fix vacuum cleaners,"Name & Logo,Legal Setup,Booking System,Payments Setup","Email Welcome Series,Service Menu,Review Manager,Parts Inventory"
295,Repair,Sewing Machine Repair,Service and repair sewing machines,"Name & Logo,Legal Setup,Booking System,Payments Setup","Email Welcome Series,Service Menu,Review Manager,Maintenance Plans"
296,Wellness,Massage Therapy,Therapeutic massage service,"Name & Logo,Legal Setup,Booking System,Payments Setup","Email Welcome Series,Service Menu,Review Manager,Package Builder"
297,Wellness,Acupuncture Practice,Traditional acupuncture,"Name & Logo,Legal Setup,Booking System,Payments Setup","Email Welcome Series,Treatment Plans,Review Manager,Insurance Billing"
298,Wellness,Physical Therapy,Rehabilitation and therapy,"Name & Logo,Legal Setup,Booking System,Payments Setup","Email Welcome Series,Exercise Library,Review Manager,Insurance Billing"
299,Wellness,Occupational Therapy,ADL training and support,"Name & Logo,Legal Setup,Booking System,Payments Setup","Email Welcome Series,Assessment Tools,Review Manager,Insurance Billing"
300,Wellness,Speech Therapy,Communication therapy,"Name & Logo,Legal Setup,Booking System,Payments Setup","Email Welcome Series,Resource Library,Review Manager,Telehealth Setup"
301,Wellness,Chiropractic Practice,Spinal adjustment therapy,"Name & Logo,Legal Setup,Booking System,Payments Setup","Email Welcome Series,Treatment Plans,Review Manager,Insurance Billing"
302,Wellness,Hypnotherapy,Clinical hypnosis sessions,"Name & Logo,Website Starter,Booking System,Payments Setup","Email Welcome Series,Issue Specialties,Review Manager,Success Stories"
303,Wellness,Aromatherapy,Essential oil therapy,"Name & Logo,Website Starter,Booking System,Payments Setup","Email Welcome Series,Oil Guide,Review Manager,Product Sales"
304,Wellness,Reflexology,Foot pressure point therapy,"Name & Logo,Website Starter,Booking System,Payments Setup","Email Welcome Series,Service Menu,Review Manager,Package Builder"
305,Wellness,Float Therapy,Sensory deprivation tanks,"Name & Logo,Legal Setup,Booking System,Payments Setup","Email Welcome Series,Benefits Guide,Review Manager,Membership Plans"
306,Beauty,Hair Salon,Full-service hair styling,"Name & Logo,Legal Setup,Booking System,Payments Setup","Email Welcome Series,Service Menu,Review Manager,Stylist Profiles"
307,Beauty,Barbershop,Mens haircuts and grooming,"Name & Logo,Legal Setup,Booking System,Payments Setup","Email Welcome Series,Service Menu,Review Manager,Membership Plans"
308,Beauty,Nail Salon,Manicure and pedicure services,"Name & Logo,Legal Setup,Booking System,Payments Setup","Email Welcome Series,Service Menu,Review Manager,Photo Gallery"
309,Beauty,Spa Services,Full-service day spa,"Name & Logo,Legal Setup,Booking System,Payments Setup","Email Welcome Series,Service Menu,Review Manager,Package Builder"
310,Beauty,Tanning Salon,UV and spray tanning,"Name & Logo,Legal Setup,Booking System,Payments Setup","Email Welcome Series,Service Menu,Review Manager,Membership Plans"
311,Beauty,Tattoo Shop,Custom tattoo art,"Name & Logo,Legal Setup,Booking System,Payments Setup","Portfolio Site,Artist Profiles,Review Manager,Aftercare Guide"
312,Beauty,Piercing Studio,Body piercing services,"Name & Logo,Legal Setup,Booking System,Payments Setup","Email Welcome Series,Service Menu,Review Manager,Aftercare Guide"
313,Beauty,Makeup Artist,Professional makeup services,"Name & Logo,Website Starter,Booking System,Payments Setup","Portfolio Site,Service Menu,Review Manager,Bridal Packages"
314,Beauty,Waxing Studio,Hair removal services,"Name & Logo,Legal Setup,Booking System,Payments Setup","Email Welcome Series,Service Menu,Review Manager,First-Timer Guide"
315,Beauty,Eyebrow Threading,Threading hair removal,"Name & Logo,Legal Setup,Booking System,Payments Setup","Email Welcome Series,Service Menu,Review Manager,Walk-in Policy"
316,Agriculture,CSA Farm Share,Community supported agriculture,"Name & Logo,Website Starter,Store Setup,Payments Setup","Email Welcome Series,Share Options,Pickup Locations,Seasonal Calendar"
317,Agriculture,Farmers Market Vendor,Sell produce at markets,"Name & Logo,Store Setup,Payments Setup,Inventory System","Email Welcome Series,Market Schedule,Product Catalog,Seasonal Updates"
318,Agriculture,Microgreens Business,Grow and sell microgreens,"Name & Logo,Store Setup,Payments Setup,Product Listings","Email Welcome Series,Wholesale Portal,Growing Guide,Recipe Ideas"
319,Agriculture,Mushroom Cultivation,Grow gourmet mushrooms,"Name & Logo,Store Setup,Payments Setup,Product Listings","Email Welcome Series,Wholesale Portal,Cooking Guide,Subscription Box"
320,Agriculture,Honey Production,Beekeeping and honey sales,"Name & Logo,Store Setup,Payments Setup,Product Listings","Email Welcome Series,Product Story,Recipe Ideas,Local Pickup"
321,Agriculture,Herb Farm,Grow and sell fresh herbs,"Name & Logo,Store Setup,Payments Setup,Product Listings","Email Welcome Series,Wholesale Portal,Growing Tips,Recipe Library"
322,Agriculture,Cut Flower Farm,Sell fresh cut flowers,"Name & Logo,Store Setup,Payments Setup,Product Listings","Email Welcome Series,Subscription Service,Event Florals,Care Guide"
323,Agriculture,U-Pick Farm,Customer harvest experience,"Name & Logo,Website Starter,Booking System,Payments Setup","Email Welcome Series,Seasonal Calendar,Family Activities,Group Bookings"
324,Agriculture,Chicken Eggs,Free-range egg sales,"Name & Logo,Store Setup,Payments Setup,Product Listings","Email Welcome Series,Subscription Service,Farm Story,Delivery Routes"
325,Agriculture,Goat Dairy,Artisan cheese and milk,"Name & Logo,Legal Setup,Store Setup,Payments Setup","Email Welcome Series,Product Catalog,Farm Tours,Wholesale Portal"
326,Import,Import Business,Source products internationally,"Name & Logo,Legal Setup,Store Setup,Payments Setup","Email Welcome Series,Supplier Directory,Customs Guide,Inventory System"
327,Import,Amazon FBA Business,Sell via Amazon fulfillment,"Name & Logo,Store Setup,Payments Setup,Product Listings","Email Welcome Series,Listing Optimization,Inventory Tracker,Review Manager"
328,Wholesale,Wholesale Distribution,B2B product distribution,"Name & Logo,Legal Setup,Store Setup,Payments Setup","Email Welcome Series,Wholesale Portal,Order System,Territory Map"
329,Dropship,Dropship Supplier,Supply products to dropshippers,"Name & Logo,Store Setup,Payments Setup,Product Listings","Email Welcome Series,Retailer Portal,API Integration,Product Feed"
330,Events,Trade Show Vendor,Sell at conventions and expos,"Name & Logo,Store Setup,Payments Setup,Inventory System","Email Welcome Series,Show Calendar,Booth Design,Lead Capture"
331,Manufacturing,3D Printing Service,Custom 3D printed products,"Name & Logo,Website Starter,Booking System,Payments Setup","Email Welcome Series,Upload System,Material Options,Quote Calculator"
332,Manufacturing,Laser Cutting Service,Custom laser cut products,"Name & Logo,Website Starter,Booking System,Payments Setup","Email Welcome Series,Upload System,Material Library,Quote Calculator"
333,Manufacturing,CNC Machining,Precision parts manufacturing,"Name & Logo,Website Starter,Booking System,Payments Setup","Email Welcome Series,Spec Upload,Material Options,Quality Guarantee"
334,Manufacturing,Screen Printing,Custom apparel printing,"Name & Logo,Store Setup,Payments Setup,Product Listings","Email Welcome Series,Design Upload,Bulk Pricing,Mock-up Generator"
335,Manufacturing,Embroidery Service,Custom embroidered products,"Name & Logo,Website Starter,Booking System,Payments Setup","Email Welcome Series,Design Upload,Product Catalog,Bulk Discounts"
336,Manufacturing,Woodworking Shop,Custom wood products,"Name & Logo,Website Starter,Booking System,Payments Setup","Portfolio Site,Email Welcome Series,Quote Request,Material Options"
337,Manufacturing,Metal Fabrication,Custom metal work,"Name & Logo,Legal Setup,Booking System,Payments Setup","Portfolio Site,Email Welcome Series,Quote Request,Welding Certs"
338,Manufacturing,Sewing Service,Custom sewing and alterations,"Name & Logo,Legal Setup,Booking System,Payments Setup","Email Welcome Series,Service Menu,Turnaround Time,Before/After Gallery"
339,Manufacturing,Upholstery Shop,Furniture reupholstery,"Name & Logo,Legal Setup,Booking System,Payments Setup","Portfolio Site,Fabric Library,Quote Request,Before/After Gallery"
340,Manufacturing,Sign Making,Custom signs and displays,"Name & Logo,Legal Setup,Booking System,Payments Setup","Portfolio Site,Email Welcome Series,Quote Request,Material Options"
341,Financial,Mortgage Broker,Home loan financing,"Name & Logo,Website Starter,Booking System,Payments Setup","Email Welcome Series,Rate Calculator,CRM & Pipeline,Lender Network"
342,Financial,Financial Advisor,Investment and retirement planning,"Name & Logo,Website Starter,Booking System,Payments Setup","Email Welcome Series,Client Portal,CRM & Pipeline,Planning Tools"
343,Financial,Tax Advisory,Tax strategy and planning,"Name & Logo,Website Starter,Booking System,Payments Setup","Email Welcome Series,Tax Calculator,CRM & Pipeline,Document Upload"
344,Financial,Merchant Services,Payment processing solutions,"Name & Logo,Website Starter,Booking System,Payments Setup","Email Welcome Series,Fee Calculator,CRM & Pipeline,Equipment Options"
345,Financial,Business Funding,Small business loans,"Name & Logo,Website Starter,Booking System,Payments Setup","Email Welcome Series,Application Portal,CRM & Pipeline,Qualification Quiz"
346,Technology,IT Support,Business tech support,"Name & Logo,Website Starter,Booking System,Payments Setup","Email Welcome Series,Service Menu,CRM & Pipeline,Remote Access"
347,Technology,Managed IT Services,Outsourced IT department,"Name & Logo,Website Starter,Booking System,Payments Setup","Email Welcome Series,Service Packages,CRM & Pipeline,SLA Agreement"
348,Technology,Cybersecurity Service,Security audits and monitoring,"Name & Logo,Website Starter,Booking System,Payments Setup","Email Welcome Series,Threat Assessment,CRM & Pipeline,Compliance Reports"
349,Technology,Data Recovery,Recover lost data,"Name & Logo,Legal Setup,Booking System,Payments Setup","Email Welcome Series,Service Menu,Success Rate,Confidentiality Policy"
350,Technology,Cloud Migration,Move systems to cloud,"Name & Logo,Website Starter,Booking System,Payments Setup","Email Welcome Series,Platform Comparison,CRM & Pipeline,Migration Plan"
351,Marketing,Lead Generation Service,B2B lead generation,"Name & Logo,Website Starter,Booking System,Payments Setup","Email Welcome Series,Industry Options,CRM & Pipeline,Sample Leads"
352,Marketing,Email Marketing Agency,Email campaign management,"Name & Logo,Website Starter,Booking System,Payments Setup","Email Welcome Series,Portfolio Examples,CRM & Pipeline,Platform Integration"
353,Marketing,PPC Management,Paid advertising management,"Name & Logo,Website Starter,Booking System,Payments Setup","Email Welcome Series,Platform Options,CRM & Pipeline,Reporting Dashboard"
354,Marketing,Conversion Optimization,Improve website conversions,"Name & Logo,Website Starter,Booking System,Payments Setup","Email Welcome Series,Audit Process,CRM & Pipeline,Case Studies"
355,Marketing,Growth Hacking Service,Rapid growth strategies,"Name & Logo,Website Starter,Booking System,Payments Setup","Email Welcome Series,Strategy Library,CRM & Pipeline,Testing Framework"
356,Franchise,Coffee Shop Franchise,Franchised caf√© locations,"Name & Logo,Legal Setup,Store Setup,Payments Setup","Email Welcome Series,Territory Map,Investment Calculator,Training Program"
357,Franchise,Cleaning Franchise,Franchised cleaning business,"Name & Logo,Legal Setup,Store Setup,Payments Setup","Email Welcome Series,Territory Map,Investment Calculator,Operations Manual"
358,Franchise,Gym Franchise,Fitness center franchise,"Name & Logo,Legal Setup,Store Setup,Payments Setup","Email Welcome Series,Territory Map,Investment Calculator,Equipment Package"
359,Franchise,Restaurant Franchise,Food service franchise,"Name & Logo,Legal Setup,Store Setup,Payments Setup","Email Welcome Series,Territory Map,Investment Calculator,Recipe Systems"
360,Franchise,Tutoring Franchise,Education franchise business,"Name & Logo,Legal Setup,Store Setup,Payments Setup","Email Welcome Series,Territory Map,Investment Calculator,Curriculum Package"
361,Vending,Vending Machine Business,Automated product sales,"Name & Logo,Legal Setup,Store Setup,Payments Setup","Email Welcome Series,Location Finder,Inventory System,Route Optimizer"
362,Vending,ATM Business,ATM placement and service,"Name & Logo,Legal Setup,Booking System,Payments Setup","Email Welcome Series,Location Finder,Cash Management,Compliance Guide"
363,Vending,Photo Booth Business,Automated photo stations,"Name & Logo,Legal Setup,Booking System,Payments Setup","Email Welcome Series,Location Finder,Gallery System,Event Calendar"
364,Vending,Laundromat,Self-service laundry,"Name & Logo,Legal Setup,Store Setup,Payments Setup","Email Welcome Series,Loyalty Program,Maintenance Tracker,Wash-Fold Service"
365,Vending,Car Wash,Automated car wash,"Name & Logo,Legal Setup,Store Setup,Payments Setup","Email Welcome Series,Membership Plans,Maintenance Tracker,Upsell Packages"
366,Side Hustle,Flipping Business,Buy low sell high,"Name & Logo,Store Setup,Payments Setup,Inventory System","Email Welcome Series,Sourcing Guide,Pricing Strategy,Platform Integration"
367,Side Hustle,Garage Sale Finder,Resell garage sale finds,"Name & Logo,Store Setup,Payments Setup,Product Listings","Email Welcome Series,Route Planner,Pricing Guide,Platform Integration"
368,Side Hustle,Domain Flipping,Buy and sell domain names,"Name & Logo,Website Starter,Payments Setup,Inventory System","Email Welcome Series,Valuation Tool,Marketplace Integration,Sales Tracker"
369,Side Hustle,Freelance Writer,Write content for hire,"Name & Logo,Website Starter,Booking System,Payments Setup","Portfolio Site,Email Welcome Series,Rate Card,Sample Library"
370,Side Hustle,Proofreader,Edit and proofread documents,"Name & Logo,Website Starter,Booking System,Payments Setup","Email Welcome Series,Service Menu,Turnaround Options,Sample Edits"
371,Side Hustle,Beta Reader,Read manuscripts for authors,"Name & Logo,Website Starter,Booking System,Payments Setup","Email Welcome Series,Genre Preferences,Questionnaire Template,Review Examples"
372,Side Hustle,Etsy Shop,Sell handmade on Etsy,"Name & Logo,Store Setup,Payments Setup,Product Listings","Email Welcome Series,Etsy Optimization,Product Photography,Shipping Guide"
373,Side Hustle,eBay Reseller,Flip items on eBay,"Name & Logo,Store Setup,Payments Setup,Inventory System","Email Welcome Series,Listing Templates,Pricing Strategy,Shipping Calculator"
374,Side Hustle,Amazon Seller,Sell products on Amazon,"Name & Logo,Store Setup,Payments Setup,Product Listings","Email Welcome Series,Listing Optimization,Review Manager,FBA Integration"
375,Side Hustle,Mystery Shopper,Evaluate businesses anonymously,"Name & Logo,Website Starter,Booking System,Payments Setup","Email Welcome Series,Evaluation Templates,Client Portal,Report Builder"
376,Seasonal,Tax Prep Seasonal,January-April tax filing,"Name & Logo,Website Starter,Booking System,Payments Setup","Email Welcome Series,Document Checklist,CRM & Pipeline,E-file System"
377,Seasonal,Pool Opening Closing,Seasonal pool service,"Name & Logo,Legal Setup,Booking System,Payments Setup","Email Welcome Series,Service Checklist,Recurring Reminders,Chemical Guide"
378,Seasonal,Pumpkin Patch,Fall pumpkin sales and activities,"Name & Logo,Website Starter,Store Setup,Payments Setup","Email Welcome Series,Activity Calendar,Group Bookings,Photo Spots"
379,Seasonal,Christmas Tree Farm,Seasonal tree sales,"Name & Logo,Website Starter,Store Setup,Payments Setup","Email Welcome Series,Variety Guide,Delivery Options,Care Instructions"
380,Seasonal,Fireworks Stand,4th of July fireworks sales,"Name & Logo,Legal Setup,Store Setup,Payments Setup","Email Welcome Series,Safety Guide,Compliance Checklist,Bulk Discounts"
381,Automotive,Auto Detailing Supplies,Sell detailing products,"Name & Logo,Store Setup,Payments Setup,Product Listings","Email Welcome Series,How-to Videos,Wholesale Portal,Bundle Packages"
382,Automotive,Car Audio Installation,Install stereo systems,"Name & Logo,Legal Setup,Booking System,Payments Setup","Email Welcome Series,Product Catalog,Review Manager,Warranty Info"
383,Automotive,Custom Car Mods,Performance modifications,"Name & Logo,Legal Setup,Booking System,Payments Setup","Portfolio Site,Parts Catalog,Quote Request,Before/After Gallery"
384,Automotive,Classic Car Restoration,Restore vintage vehicles,"Name & Logo,Legal Setup,Booking System,Payments Setup","Portfolio Site,Project Gallery,Quote Request,Parts Sourcing"
385,Automotive,Auto Upholstery,Interior restoration,"Name & Logo,Legal Setup,Booking System,Payments Setup","Portfolio Site,Material Samples,Quote Request,Before/After Gallery"
386,Pet Services,Aquarium Maintenance,Clean and maintain tanks,"Name & Logo,Legal Setup,Booking System,Payments Setup","Email Welcome Series,Service Menu,Recurring Billing,Fish Health Guide"
387,Pet Services,Reptile Care Service,Care for reptiles and exotics,"Name & Logo,Legal Setup,Booking System,Payments Setup","Email Welcome Series,Care Guides,Boarding Options,Species Expertise"
388,Pet Services,Horse Boarding,Stable and pasture boarding,"Name & Logo,Legal Setup,Booking System,Payments Setup","Email Welcome Series,Facility Tour,Boarding Options,Activity Calendar"
389,Pet Services,Dog Daycare,Daytime dog supervision,"Name & Logo,Legal Setup,Booking System,Payments Setup","Email Welcome Series,Webcam Access,Activity Reports,Membership Plans"
390,Pet Services,Pet Taxi Service,Transport pets safely,"Name & Logo,Legal Setup,Booking System,Payments Setup","Email Welcome Series,Service Area,Safety Features,Appointment Types"
391,Spiritual,Tarot Reader,Tarot card readings,"Name & Logo,Website Starter,Booking System,Payments Setup","Email Welcome Series,Reading Types,Review Manager,Video Sessions"
392,Spiritual,Life Path Numerology,Numerology consultations,"Name & Logo,Website Starter,Booking System,Payments Setup","Email Welcome Series,Report Samples,Calculator Tool,Packages"
393,Spiritual,Astrology Readings,Birth chart interpretations,"Name & Logo,Website Starter,Booking System,Payments Setup","Email Welcome Series,Reading Types,Sample Reports,Compatibility Charts"
394,Spiritual,Energy Healing,Reiki and energy work,"Name & Logo,Website Starter,Booking System,Payments Setup","Email Welcome Series,Session Types,Review Manager,Distance Healing"
395,Spiritual,Meditation Teacher,Teach meditation techniques,"Name & Logo,Website Starter,Booking System,Payments Setup","Email Welcome Series,Class Types,Video Library,Group Sessions"
396,Legal,Trademark Filing,Register trademarks,"Name & Logo,Website Starter,Booking System,Payments Setup","Email Welcome Series,Search Service,Filing Guide,Portfolio Protection"
397,Legal,LLC Formation Service,Form business entities,"Name & Logo,Website Starter,Booking System,Payments Setup","Email Welcome Series,State Comparison,Package Options,Registered Agent"
398,Legal,Contract Review,Review legal agreements,"Name & Logo,Website Starter,Booking System,Payments Setup","Email Welcome Series,Document Types,Turnaround Time,Confidentiality"
399,Legal,Compliance Consulting,Regulatory compliance help,"Name & Logo,Website Starter,Booking System,Payments Setup","Email Welcome Series,Industry Focus,Audit Service,Ongoing Support"
400,Legal,Paralegal Service,Legal research and documents,"Name & Logo,Website Starter,Booking System,Payments Setup","Email Welcome Series,Service Menu,Hourly Rates,Document Templates"
401,Events,DJ Service,Music for all events,"Name & Logo,Website Starter,Booking System,Payments Setup","Email Welcome Series,Music Library,Review Manager,Equipment List"
402,Events,Lighting Rental,Event lighting equipment,"Name & Logo,Website Starter,Booking System,Payments Setup","Email Welcome Series,Equipment Catalog,Design Service,Setup Included"
403,Events,AV Equipment Rental,Audio visual rentals,"Name & Logo,Website Starter,Booking System,Payments Setup","Email Welcome Series,Equipment List,Tech Support,Delivery Setup"
404,Events,Event Security,Professional security staff,"Name & Logo,Legal Setup,Booking System,Payments Setup","Email Welcome Series,Officer Profiles,Licensing Info,Event Types"
405,Events,Valet Parking,Professional valet service,"Name & Logo,Legal Setup,Booking System,Payments Setup","Email Welcome Series,Staff Training,Insurance Info,Event Capacity"
406,Logistics,Courier Service,Same-day delivery,"Name & Logo,Legal Setup,Booking System,Payments Setup","Email Welcome Series,Service Area,Tracking System,Volume Discounts"
407,Logistics,Freight Brokerage,Coordinate shipments,"Name & Logo,Legal Setup,Booking System,Payments Setup","Email Welcome Series,Carrier Network,Quote System,Tracking Portal"
408,Logistics,Warehousing Service,Storage and fulfillment,"Name & Logo,Legal Setup,Booking System,Payments Setup","Email Welcome Series,Facility Tour,Pricing Calculator,Integration Options"
409,Logistics,Last Mile Delivery,Final delivery service,"Name & Logo,Legal Setup,Booking System,Payments Setup","Email Welcome Series,Service Area,Real-time Tracking,Volume Pricing"
410,Logistics,Moving Supplies,Sell boxes and packing materials,"Name & Logo,Store Setup,Payments Setup,Product Listings","Email Welcome Series,Product Catalog,Bundle Deals,Delivery Options"
411,Retail,Comic Book Store,Comics and collectibles,"Name & Logo,Legal Setup,Store Setup,Payments Setup","Email Welcome Series,Subscription Box,Event Calendar,Trade-in Program"
412,Retail,Vinyl Record Shop,New and used records,"Name & Logo,Legal Setup,Store Setup,Payments Setup","Email Welcome Series,Want List,Event Calendar,Trade-in Program"
413,Retail,Vintage Clothing,Curated vintage fashion,"Name & Logo,Store Setup,Payments Setup,Product Listings","Email Welcome Series,Era Guide,Size Charts,Consignment Program"
414,Retail,Sneaker Resale,Limited edition sneakers,"Name & Logo,Store Setup,Payments Setup,Product Listings","Email Welcome Series,Authentication Service,Release Calendar,Trade-in"
415,Retail,Board Game Caf√©,Games and food,"Name & Logo,Legal Setup,Store Setup,Payments Setup","Email Welcome Series,Game Library,Event Calendar,Membership Plans"
416,Retail,Smoke Shop,Tobacco and accessories,"Name & Logo,Legal Setup,Store Setup,Payments Setup","Email Welcome Series,Age Verification,Product Catalog,Loyalty Program"
417,Retail,Craft Beer Shop,Specialty beer retail,"Name & Logo,Legal Setup,Store Setup,Payments Setup","Email Welcome Series,Tasting Events,Beer Club,Product Guide"
418,Retail,Cigar Lounge,Premium cigars and lounge,"Name & Logo,Legal Setup,Store Setup,Payments Setup","Email Welcome Series,Membership Plans,Event Calendar,Humidor Service"
419,Retail,Metaphysical Shop,Crystals and spiritual items,"Name & Logo,Store Setup,Payments Setup,Product Listings","Email Welcome Series,Crystal Guide,Event Calendar,Energy Cleansing"
420,Retail,Aquarium Store,Fish and aquarium supplies,"Name & Logo,Legal Setup,Store Setup,Payments Setup","Email Welcome Series,Fish Care Guide,Maintenance Service,Custom Tanks"
421,B2B,Commercial Cleaning,Office and facility cleaning,"Name & Logo,Legal Setup,Booking System,Payments Setup","Email Welcome Series,Service Checklist,Recurring Billing,Quality Assurance"
422,B2B,Janitorial Supplies,Sell cleaning supplies to business,"Name & Logo,Store Setup,Payments Setup,Product Listings","Email Welcome Series,Wholesale Portal,Auto Delivery,Volume Discounts"
423,B2B,Office Coffee Service,Workplace coffee solutions,"Name & Logo,Legal Setup,Booking System,Payments Setup","Email Welcome Series,Equipment Options,Recurring Billing,Product Catalog"
424,B2B,Uniform Service,Rent and launder uniforms,"Name & Logo,Legal Setup,Booking System,Payments Setup","Email Welcome Series,Style Catalog,Size Exchange,Recurring Billing"
425,B2B,Payroll Processing,Payroll service for businesses,"Name & Logo,Legal Setup,Booking System,Payments Setup","Email Welcome Series,Pricing Calculator,Compliance Guide,Integration Options"
426,B2B,Benefits Administration,Employee benefits management,"Name & Logo,Legal Setup,Booking System,Payments Setup","Email Welcome Series,Plan Options,Enrollment Portal,Compliance Support"
427,B2B,Corporate Catering,Business meal delivery,"Name & Logo,Legal Setup,Booking System,Payments Setup","Email Welcome Series,Menu Options,Recurring Orders,Dietary Accommodations"
428,B2B,Office Plants Service,Maintain office plants,"Name & Logo,Legal Setup,Booking System,Payments Setup","Email Welcome Series,Plant Selection,Recurring Service,Seasonal Rotation"
429,B2B,Document Shredding,Secure document destruction,"Name & Logo,Legal Setup,Booking System,Payments Setup","Email Welcome Series,Service Options,Certificate of Destruction,Recurring Pickup"
430,B2B,Commercial Pest Control,Business pest management,"Name & Logo,Legal Setup,Booking System,Payments Setup","Email Welcome Series,Service Plans,Compliance Reports,Recurring Billing"
431,Home Improvement,Kitchen Remodeling,Kitchen renovation service,"Name & Logo,Legal Setup,Booking System,Payments Setup","Portfolio Site,Quote Calculator,Before/After Gallery,Material Options"
432,Home Improvement,Bathroom Remodeling,Bathroom renovation,"Name & Logo,Legal Setup,Booking System,Payments Setup","Portfolio Site,Quote Calculator,Before/After Gallery,Fixture Catalog"
433,Home Improvement,Basement Finishing,Finish unfinished basements,"Name & Logo,Legal Setup,Booking System,Payments Setup","Portfolio Site,Quote Calculator,Before/After Gallery,Design Options"
434,Home Improvement,Closet Organization,Install closet systems,"Name & Logo,Legal Setup,Booking System,Payments Setup","Portfolio Site,Quote Calculator,Product Catalog,Design Service"
435,Home Improvement,Cabinet Refacing,Refresh kitchen cabinets,"Name & Logo,Legal Setup,Booking System,Payments Setup","Before/After Gallery,Quote Calculator,Color Options,Turnaround Time"
436,Home Improvement,Countertop Installation,Install granite quartz counters,"Name & Logo,Legal Setup,Booking System,Payments Setup","Portfolio Site,Material Catalog,Quote Calculator,Measurement Service"
437,Home Improvement,Tile Installation,Ceramic and stone tile,"Name & Logo,Legal Setup,Booking System,Payments Setup","Portfolio Site,Pattern Gallery,Quote Calculator,Material Options"
438,Home Improvement,Epoxy Flooring,Garage floor coating,"Name & Logo,Legal Setup,Booking System,Payments Setup","Before/After Gallery,Color Options,Quote Calculator,Warranty Info"
439,Home Improvement,Window Replacement,Install new windows,"Name & Logo,Legal Setup,Booking System,Payments Setup","Product Catalog,Quote Calculator,Energy Savings,Warranty Info"
440,Home Improvement,Sunroom Addition,Build sunrooms and enclosures,"Name & Logo,Legal Setup,Booking System,Payments Setup","Portfolio Site,Style Options,Quote Calculator,Financing Available"
441,Health,Allergy Testing,Identify allergens,"Name & Logo,Legal Setup,Booking System,Payments Setup","Email Welcome Series,Test Types,Results Portal,Treatment Options"
442,Health,Sleep Clinic,Sleep disorder diagnosis,"Name & Logo,Legal Setup,Booking System,Payments Setup","Email Welcome Series,Study Process,Insurance Billing,Equipment Rental"
443,Health,Pain Management,Chronic pain treatment,"Name & Logo,Legal Setup,Booking System,Payments Setup","Email Welcome Series,Treatment Options,Insurance Billing,Telehealth"
444,Health,IV Hydration Lounge,Wellness IV therapy,"Name & Logo,Legal Setup,Booking System,Payments Setup","Email Welcome Series,Treatment Menu,Package Options,Mobile Service"
445,Health,Cryotherapy,Cold therapy wellness,"Name & Logo,Legal Setup,Booking System,Payments Setup","Email Welcome Series,Benefits Guide,Package Options,Safety Info"
446,Health,Compression Therapy,Recovery compression boots,"Name & Logo,Legal Setup,Booking System,Payments Setup","Email Welcome Series,Session Options,Membership Plans,Sports Recovery"
447,Health,Red Light Therapy,Light therapy wellness,"Name & Logo,Legal Setup,Booking System,Payments Setup","Email Welcome Series,Benefits Guide,Session Options,Package Deals"
448,Health,Infrared Sauna,Sauna wellness center,"Name & Logo,Legal Setup,Booking System,Payments Setup","Email Welcome Series,Benefits Guide,Membership Plans,Private Rooms"
449,Health,Oxygen Bar,Recreational oxygen therapy,"Name & Logo,Legal Setup,Booking System,Payments Setup","Email Welcome Series,Flavor Options,Benefits Guide,Event Packages"
450,Health,Vitamin Shots,Injectable vitamins,"Name & Logo,Legal Setup,Booking System,Payments Setup","Email Welcome Series,Shot Menu,Package Options,Mobile Service"
451,Mobile,Mobile Notary,Travel to clients,"Name & Logo,Legal Setup,Booking System,Payments Setup","Email Welcome Series,Service Area,After Hours,Document Types"
452,Mobile,Mobile Barber,Haircuts at client location,"Name & Logo,Legal Setup,Booking System,Payments Setup","Email Welcome Series,Service Menu,Service Area,Group Discounts"
453,Mobile,Mobile Vet,Veterinary house calls,"Name & Logo,Legal Setup,Booking System,Payments Setup","Email Welcome Series,Service Menu,After Hours,Species Treated"
454,Mobile,Mobile Dentist,Dental care at home,"Name & Logo,Legal Setup,Booking System,Payments Setup","Email Welcome Series,Service Menu,Equipment Info,Insurance Billing"
455,Mobile,Mobile Pharmacy,Prescription delivery,"Name & Logo,Legal Setup,Booking System,Payments Setup","Email Welcome Series,Service Area,Insurance Info,Auto Refill"
456,Mobile,Mobile Car Wash,Wash cars at location,"Name & Logo,Legal Setup,Booking System,Payments Setup","Email Welcome Series,Service Packages,Service Area,Water Reclaim"
457,Mobile,Mobile Bike Repair,Fix bikes on-site,"Name & Logo,Legal Setup,Booking System,Payments Setup","Email Welcome Series,Service Menu,Service Area,Fleet Service"
458,Mobile,Mobile Locksmith,Emergency lockout service,"Name & Logo,Legal Setup,Booking System,Payments Setup","Email Welcome Series,24/7 Availability,Service Area,Pricing"
459,Mobile,Mobile Windshield Replace,Replace windshields on-site,"Name & Logo,Legal Setup,Booking System,Payments Setup","Email Welcome Series,Insurance Claims,Service Area,Same Day Service"
460,Mobile,Mobile Pet Grooming,Groom pets at home,"Name & Logo,Legal Setup,Booking System,Payments Setup","Email Welcome Series,Service Menu,Service Area,Special Needs Pets"
461,Subscription,Flower Subscription,Weekly flower delivery,"Name & Logo,Store Setup,Payments Setup,Recurring Billing","Email Welcome Series,Subscription Tiers,Delivery Calendar,Gift Options"
462,Subscription,Wine Club,Monthly wine delivery,"Name & Logo,Legal Setup,Store Setup,Recurring Billing","Email Welcome Series,Tier Options,Tasting Notes,Member Events"
463,Subscription,Book Club Box,Monthly book subscription,"Name & Logo,Store Setup,Payments Setup,Recurring Billing","Email Welcome Series,Genre Options,Discussion Guide,Member Forum"
464,Subscription,Craft Kit Subscription,Monthly DIY projects,"Name & Logo,Store Setup,Payments Setup,Recurring Billing","Email Welcome Series,Skill Levels,Video Tutorials,Supply Extras"
465,Subscription,Snack Box Subscription,Curated snacks monthly,"Name & Logo,Store Setup,Payments Setup,Recurring Billing","Email Welcome Series,Dietary Options,International Themes,Gift Subscriptions"
466,Subscription,Tea Subscription,Artisan tea delivery,"Name & Logo,Store Setup,Payments Setup,Recurring Billing","Email Welcome Series,Tea Education,Brewing Guide,Member Discounts"
467,Subscription,Sock Subscription,Fun socks monthly,"Name & Logo,Store Setup,Payments Setup,Recurring Billing","Email Welcome Series,Style Quiz,Size Options,Gift Subscriptions"
468,Subscription,Razor Subscription,Shaving supplies delivery,"Name & Logo,Store Setup,Payments Setup,Recurring Billing","Email Welcome Series,Product Options,Frequency Control,Grooming Tips"
469,Subscription,Supplement Subscription,Custom vitamin packs,"Name & Logo,Legal Setup,Store Setup,Recurring Billing","Email Welcome Series,Health Quiz,Custom Formulas,Nutrition Guide"
470,Subscription,Pet Toy Subscription,Monthly pet toys and treats,"Name & Logo,Store Setup,Payments Setup,Recurring Billing","Email Welcome Series,Pet Size Options,Treat Preferences,Photo Sharing"
471,Youth,Youth Sports League,Organize kids sports,"Name & Logo,Website Starter,Booking System,Payments Setup","Email Welcome Series,Registration System,Schedule Builder,Parent Portal"
472,Youth,Cheerleading Program,Cheer instruction and teams,"Name & Logo,Website Starter,Booking System,Payments Setup","Email Welcome Series,Team Levels,Competition Schedule,Uniform Shop"
473,Youth,Scouting Troop,Boy Scouts or Girl Scouts,"Name & Logo,Website Starter,Donation Setup,Event Calendar","Email Welcome Series,Advancement Tracker,Parent Portal,Fundraising Tools"
474,Youth,Summer Camp,Day or overnight camp,"Name & Logo,Website Starter,Booking System,Payments Setup","Email Welcome Series,Activity Calendar,Registration Forms,Photo Sharing"
475,Youth,Gaming Tournament,Esports for youth,"Name & Logo,Website Starter,Booking System,Payments Setup","Email Welcome Series,Game Selection,Registration System,Streaming Setup"
476,Adult Education,GED Prep Classes,High school equivalency,"Name & Logo,Website Starter,Booking System,Payments Setup","Email Welcome Series,Study Materials,Practice Tests,Tutoring Support"
477,Adult Education,ESL Classes,ESL instruction,"Name & Logo,Website Starter,Booking System,Payments Setup","Email Welcome Series,Level Assessment,Class Schedule,Conversation Practice"
478,Adult Education,Computer Literacy,Basic computer skills,"Name & Logo,Website Starter,Booking System,Payments Setup","Email Welcome Series,Course Outline,Lab Access,One-on-One Help"
479,Adult Education,Financial Literacy,Money management education,"Name & Logo,Website Starter,Booking System,Payments Setup","Email Welcome Series,Workshop Topics,Tools Access,Coaching Add-on"
480,Adult Education,Cooking Classes,Culinary instruction,"Name & Logo,Website Starter,Booking System,Payments Setup","Email Welcome Series,Class Calendar,Recipe Access,Dietary Options"
481,Entertainment,Escape Room,Puzzle room challenges,"Name & Logo,Website Starter,Booking System,Payments Setup","Email Welcome Series,Room Themes,Group Packages,Gift Certificates"
482,Entertainment,Axe Throwing,Recreational axe throwing,"Name & Logo,Legal Setup,Booking System,Payments Setup","Email Welcome Series,Safety Training,Group Events,Leagues"
483,Entertainment,Paint and Sip,Art class with wine,"Name & Logo,Legal Setup,Booking System,Payments Setup","Email Welcome Series,Painting Calendar,Private Events,Take Home Art"
484,Entertainment,Pottery Studio,Ceramics classes and studio,"Name & Logo,Legal Setup,Booking System,Payments Setup","Email Welcome Series,Class Types,Studio Membership,Firing Service"
485,Entertainment,Cooking Studio,Commercial kitchen rental,"Name & Logo,Legal Setup,Booking System,Payments Setup","Email Welcome Series,Kitchen Features,Hourly Rates,Event Hosting"
486,Entertainment,Rage Room,Smash therapy room,"Name & Logo,Legal Setup,Booking System,Payments Setup","Email Welcome Series,Package Options,Safety Gear,Group Bookings"
487,Entertainment,VR Arcade,VR gaming center,"Name & Logo,Legal Setup,Booking System,Payments Setup","Email Welcome Series,Game Library,Party Packages,Membership Plans"
488,Entertainment,Trampoline Park,Indoor trampoline facility,"Name & Logo,Legal Setup,Booking System,Payments Setup","Email Welcome Series,Waiver System,Party Packages,Membership Plans"
489,Entertainment,Go Kart Track,Racing entertainment,"Name & Logo,Legal Setup,Booking System,Payments Setup","Email Welcome Series,Track Info,Racing Leagues,Group Events"
490,Entertainment,Mini Golf Course,Miniature golf entertainment,"Name & Logo,Legal Setup,Booking System,Payments Setup","Email Welcome Series,Course Map,Group Rates,Birthday Packages"
491,Delivery,Grocery Delivery,Shop and deliver groceries,"Name & Logo,Legal Setup,Booking System,Payments Setup","Email Welcome Series,Service Area,Delivery Windows,Membership Options"
492,Delivery,Prescription Delivery,Medication delivery service,"Name & Logo,Legal Setup,Booking System,Payments Setup","Email Welcome Series,Insurance Info,Auto Refill,Service Area"
493,Delivery,Meal Kit Delivery,Pre-portioned meal delivery,"Name & Logo,Store Setup,Payments Setup,Recurring Billing","Email Welcome Series,Menu Options,Dietary Filters,Delivery Schedule"
494,Delivery,Laundry Pickup,Wash and fold service,"Name & Logo,Legal Setup,Booking System,Payments Setup","Email Welcome Series,Service Area,Pricing,Special Care Items"
495,Delivery,Dry Cleaning Delivery,Pickup and delivery dry cleaning,"Name & Logo,Legal Setup,Booking System,Payments Setup","Email Welcome Series,Service Area,Pricing,Special Garments"
496,Delivery,Alcohol Delivery,Beer wine spirits delivery,"Name & Logo,Legal Setup,Store Setup,Payments Setup","Email Welcome Series,Age Verification,Product Catalog,Delivery Times"
497,Delivery,Flower Delivery,Same-day flower delivery,"Name & Logo,Store Setup,Payments Setup,Product Listings","Email Welcome Series,Occasion Guide,Delivery Windows,Care Instructions"
498,Delivery,Bakery Delivery,Fresh baked goods delivery,"Name & Logo,Legal Setup,Store Setup,Payments Setup","Email Welcome Series,Menu Options,Pre-orders,Corporate Gifts"
499,Delivery,Diaper Service,Cloth diaper delivery and cleaning,"Name & Logo,Legal Setup,Booking System,Payments Setup","Email Welcome Series,Service Plans,Eco Benefits,Delivery Schedule"
500,Delivery,Office Supplies Delivery,Business supply delivery,"Name & Logo,Store Setup,Payments Setup,Product Listings","Email Welcome Series,Account Setup,Auto Reorder,Volume Pricing"